Acondicionador 650 ml,ballerina,aseo,13,800
Acondicionador 750 ml,familand,aseo,13,800
Acondicionador 900 ml,ballerina,aseo,13,800
Alimento adulto carne y arroz 15 kg,sabro kan,mascota,13,800
Alimento adulto carne y arroz 9 kg,sabro kan,mascota,13,800
Alimento adulto carne y vegetales 15 kg,champion dog,mascota,13,800
Alimento adulto pollo arroz vegetales 15 kg,master dog,mascota,13,800
Alimento cachorro leche 15 kg,master dog,mascota,13,800
Alimento carne pollo vegetal raza pequeña 9 kg,pedigree,mascota,13,800
Alimento pedigree sobre carne 100 gr,pedigree,mascota,13,800
Alimento pedigree sobre pollo 100 gr,pedigree,mascota,13,800
Alimento pero adulto 15 kg,master dog,mascota,13,800
Alimento perro adulto carne 15 kg,champion dog,mascota,13,800
Alimento perro adulto raza grande 15 kg,dog chow,mascota,13,800
Alimento perro adulto variedades 15 kg,pedigree,mascota,13,800
Alimento seco adulto carne y vegetales 15 kg,cannes,mascota,13,800
Alimento seco adulto mayor 7 anios 8 kg,dog chow,mascota,13,800
Alimento seco adulto raza pequenia 3 kg,dog chow,mascota,13,800
Alimento seco perro adulto 15 kg,cannes,mascota,13,800
Alimento seco razas pequenias 3 kg,cannes,mascota,13,800
Atún lomito en aceite 185 gr,Lider,Despensa,13,800
Bolsa de Basura 50 x 70 cm,Lider,aseo,13,800
Bolsa de Basura 70 x 90 cm,virutex,aseo,13,800
Bolsa para basura 50 x 70 cm,tottus,aseo,13,800
Bolsas Para Basura 80 X 110 Cms,Superior,aseo,13,800
Café instantáneo 170 gr,Seleccion,Despensa,13,800
Carne molida 500 gr,Friboi,Congelados,13,800
Coca-Cola 2.5 lts,coca-cola,bebida,13,800
Coca-Cola light, 2.5 lts,coca-cola,13,800
Coca-cola 1 lts,coca-cola,bebida,13,800
Coca-cola 2 lts,coca-cola,bebida,13,800
Dentastix raza grande 7 un,pedigree,mascota,13,800
Dentastix raza pequenia 7 un,pedigree,mascota,13,800
Desinfectante Cocina 500ml,Sanytol,aseo,13,800
Doritos sabor queso 320 gr,evercrips,snack,13,800
Fanta 2 lts,coca-cola,bebida,13,800
Fanta 2.5 lts,coca-cola,bebida,13,800
Filetito pechuga de pollo 700 gr,Super pollo,Congelados,13,800
Films Plástico Transparente Económico,Europlas,Cocina,13,800
Galletas pello adulto sabor carne 500 gr,master dog,mascota,13,800
Guante de Goma Conveniente,virutex,aseo,13,800
Guantes de Látex Conveniente,Lider,aseo,13,800
Hamburguesa de soya 100 gr,Mister Veggie,Vegetariano,13,800
Hamburguesa de vacuno 100 gr,La crianza,Congelados,13,800
Hamburguesa proteina de soya 100 gr,La crianza,Vegetariano,13,800
Lavaloza limon verde 300 ml,Cif,aseo,13,800
Leche descremada 1 L,Lider,Lacteos,13,800
Leche descremada caja 1 L,soprole,Lacteos,13,800
Leche descremada formato 1 L,lonco leche,Lacteos,13,800
Leche entera 1 L,Lider,Lacteos,13,800
Leche entera caja 1 L,soprole,Lacteos,13,800
Leche entera formato 1 L,lonco leche,Lacteos,13,800
Leche fresca descremada 1 L,colun,Lacteos,13,800
Leche fresca entera 1 L,colun,Lacteos,13,800
Leche fresca semidescremada 1 L,colun,Lacteos,13,800
Leche semidescremada 1 L,Lider,Lacteos,13,800
Leche semidescremada caja 1 L,soprole,Lacteos,13,800
Leche semidescremada formato 1 L,lonco leche,Lacteos,13,800
Lentejas 6 mm Bolsa 1 Kg,Lider,Despensa,13,800
Limpiador Antigrasa Con Atomizador 500ml,Cif,aseo,13,800
Limpiador Antigrasa Repuesto Economico 900 ml,Cif,aseo,13,800
Limpiador Líquido Cocina 450 ml,Cif,aseo,13,800
Lomitos de Atún en Agua Lata 185 g,Lider,Despensa,13,800
Mani japones,marco polo,snack,13,800
Mani salado 430 gr,evercrips,snack,13,800
Mix bora bora,marco polo,snack,13,800
Nuggets de pollo 1 kg,Super pollo,Congelados,13,800
Nuggets de pollo 400 gr,La crianza,Congelados,13,800
Nuggets de verduras 400 gr,La crianza,Vegetariano,13,800
Papas duquesas 1 kg,Minuto verde,Congelados,13,800
Papas fritas 250 gr,tottus,snack,13,800
Papas fritas 400 grs,marco polo,snack,13,800
Papas fritas 450 grs,acuenta, snack,13,800
Papas fritas caseras 200gr,marco polo,snack,13,800
Papas fritas lays 500grs,lays,snack,13,800
Papas pre-fritas 1 kg,Minuto verde,Congelados,13,800
Pasta de choclo 1 kg,Minuto verde,Congelados,13,800
Pate de jamón 125 gr,PF,Despensa,13,800
Pate de ternera 125 gr,PF,Despensa,13,800
Pechuga deshuesada de pollo 700 gr,Super pollo,Congelados,13,800
Poroto verde 350 gr,Minuto verde,Congelados,13,800
Queso Gauda laminado 500 gr,CALO,Despensa,13,800
Ramitas evercrips 500grs,evercrips,snack,13,800
Salchichas de pavo 1 Kg,PF,Congelaods,13,800
Salchichas sureñas 1 Kg,PF,Congeladas,13,800
Shampoo 1 L,familand,aseo,13,800
Shampoo 650 ml,ballerina,aseo,13,800
Shampoo 900 ml,ballerina,aseo,13,800
Sprite 2 lts,coca-cola,bebida,13,800
Sprite 2.5 lts,coca-cola,bebida,13,800
Sucedaneo de hamburguesa de garbanzos 400 gr,Minuto verde,Vegetariano,13,800
Toallitas húmedas 45un,parent's choice,aseo,13,800
Tortilla de verduras,La crianza,Vegetariano,13,800
Tuco albahaca,maggi,despensa,13,800
Tuco champiñon,maggi,despensa,13,800
Tuco de carne,maggi,despensa,13,800
Tuco de pollo,maggi,despensa,13,800
Vinagre de manzana 890,tottus,despensa,13,800
Vinagre de vino blanco 500 ml,tottus,despensa,13,800
